이름,나이,거주지
최준우,32,서울
홍길동,30,인천
아무개,25,강원
최준우,32,서울
홍길동,30,인천
아무개,25,강원
최준우,32,서울
홍길동,30,인천
아무개,25,강원
최준우,32,서울
홍길동,30,인천
아무개,25,강원
최준우,32,서울
홍길동,30,인천
아무개,25,강원
최준우,32,서울
홍길동,30,인천
아무개,25,강원
최준우,32,서울
홍길동,30,인천
아무개,25,강원
최준우,32,서울
홍길동,30,인천
아무개,25,강원
최준우,32,서울
홍길동,30,인천
아무개,25,강원
최준우,32,서울
홍길동,30,인천
아무개,25,강원
최준우,32,서울
홍길동,30,인천
아무개,25,강원
최준우,32,서울
홍길동,30,인천
아무개,25,강원
최준우,32,서울
홍길동,30,인천
아무개,25,강원
최준우,32,서울
홍길동,30,인천
아무개,25,강원
최준우,32,서울
홍길동,30,인천
아무개,25,강원
최준우,32,서울
홍길동,30,인천
아무개,25,강원
최준우,32,서울
홍길동,30,인천
아무개,25,강원
최준우,32,서울
홍길동,30,인천
아무개,25,강원
최준우,32,서울
홍길동,30,인천
아무개,25,강원
최준우,32,서울
홍길동,30,인천
아무개,25,강원
최준우,32,서울
홍길동,30,인천
아무개,25,강원
최준우,32,서울
홍길동,30,인천
아무개,25,강원
최준우,32,서울
홍길동,30,인천
아무개,25,강원
최준우,32,서울
홍길동,30,인천
아무개,25,강원
최준우,32,서울
홍길동,30,인천
아무개,25,강원
최준우,32,서울
홍길동,30,인천
아무개,25,강원
최준우,32,서울
홍길동,30,인천
아무개,25,강원
최준우,32,서울
홍길동,30,인천
아무개,25,강원
최준우,32,서울
홍길동,30,인천
아무개,25,강원
최준우,32,서울
홍길동,30,인천
아무개,25,강원
최준우,32,서울
홍길동,30,인천
아무개,25,강원
최준우,32,서울
홍길동,30,인천
아무개,25,강원
최준우,32,서울
홍길동,30,인천
아무개,25,강원
최준우,32,서울
홍길동,30,인천
아무개,25,강원
,32,서울
,30,인천
,25,강원
